"Tipo","Mensaje","Archivo","Linea","Severidad","Estado","Regla"
"VULNERABILITY","Change this code to not log user-controlled data.","ProyectoWeb/Controllers/AuthController.cs",,"MINOR","CLOSED","roslyn.sonaranalyzer.security.cs:S5145"
"VULNERABILITY","Change this code to not log user-controlled data.","ProyectoWeb/Controllers/AbonoController.cs",,"MINOR","CLOSED","roslyn.sonaranalyzer.security.cs:S5145"
"VULNERABILITY","Change this code to not log user-controlled data.","ProyectoWeb/Controllers/AbonoController.cs",,"MINOR","CLOSED","roslyn.sonaranalyzer.security.cs:S5145"
"VULNERABILITY","Change this code to not log user-controlled data.","ProyectoWeb/Controllers/AbonoController.cs",,"MINOR","CLOSED","roslyn.sonaranalyzer.security.cs:S5145"
"VULNERABILITY","Change this code to not log user-controlled data.","ProyectoWeb/Controllers/AuthController.cs",,"MINOR","CLOSED","roslyn.sonaranalyzer.security.cs:S5145"
"VULNERABILITY","Change this code to not log user-controlled data.","ProyectoWeb/Controllers/EmpleadoController.cs",,"MINOR","CLOSED","roslyn.sonaranalyzer.security.cs:S5145"
"VULNERABILITY","Change this code to not log user-controlled data.","ProyectoWeb/Controllers/EmpleadoController.cs",,"MINOR","CLOSED","roslyn.sonaranalyzer.security.cs:S5145"
"VULNERABILITY","Change this code to not log user-controlled data.","ProyectoWeb/Controllers/EmpleadoController.cs",,"MINOR","CLOSED","roslyn.sonaranalyzer.security.cs:S5145"
"VULNERABILITY","Change this code to not log user-controlled data.","ProyectoWeb/Controllers/EmpleadoController.cs",,"MINOR","CLOSED","roslyn.sonaranalyzer.security.cs:S5145"
"VULNERABILITY","Change this code to not log user-controlled data.","ProyectoWeb/Controllers/EmpleadoController.cs",,"MINOR","CLOSED","roslyn.sonaranalyzer.security.cs:S5145"
"VULNERABILITY","Change this code to not log user-controlled data.","ProyectoWeb/Controllers/EmpleadoController.cs",,"MINOR","CLOSED","roslyn.sonaranalyzer.security.cs:S5145"
"VULNERABILITY","Change this code to not log user-controlled data.","ProyectoWeb/Controllers/EmpleadoController.cs",,"MINOR","CLOSED","roslyn.sonaranalyzer.security.cs:S5145"
"VULNERABILITY","Change this code to not log user-controlled data.","ProyectoWeb/Controllers/EmpleadoController.cs",,"MINOR","CLOSED","roslyn.sonaranalyzer.security.cs:S5145"
"VULNERABILITY","Change this code to not log user-controlled data.","ProyectoWeb/Controllers/FacturaController.cs",,"MINOR","CLOSED","roslyn.sonaranalyzer.security.cs:S5145"
"VULNERABILITY","Change this code to not log user-controlled data.","ProyectoWeb/Controllers/FacturaController.cs",,"MINOR","CLOSED","roslyn.sonaranalyzer.security.cs:S5145"
"VULNERABILITY","Change this code to not log user-controlled data.","ProyectoWeb/Controllers/FacturaController.cs",,"MINOR","CLOSED","roslyn.sonaranalyzer.security.cs:S5145"
"VULNERABILITY","Change this code to not log user-controlled data.","ProyectoWeb/Controllers/FacturaController.cs",,"MINOR","CLOSED","roslyn.sonaranalyzer.security.cs:S5145"
"VULNERABILITY","Change this code to not log user-controlled data.","ProyectoWeb/Controllers/PagoController.cs",,"MINOR","CLOSED","roslyn.sonaranalyzer.security.cs:S5145"
"VULNERABILITY","Change this code to not log user-controlled data.","ProyectoWeb/Controllers/PagoController.cs",,"MINOR","CLOSED","roslyn.sonaranalyzer.security.cs:S5145"
"VULNERABILITY","Change this code to not log user-controlled data.","ProyectoWeb/Controllers/PagoController.cs",,"MINOR","CLOSED","roslyn.sonaranalyzer.security.cs:S5145"
"VULNERABILITY","Change this code to not log user-controlled data.","ProyectoWeb/Controllers/PagoController.cs",,"MINOR","CLOSED","roslyn.sonaranalyzer.security.cs:S5145"
"VULNERABILITY","Change this code to not log user-controlled data.","ProyectoWeb/Controllers/PagoController.cs",,"MINOR","CLOSED","roslyn.sonaranalyzer.security.cs:S5145"
"VULNERABILITY","Change this code to not log user-controlled data.","ProyectoWeb/Controllers/ProductoController.cs",,"MINOR","CLOSED","roslyn.sonaranalyzer.security.cs:S5145"
"VULNERABILITY","Change this code to not log user-controlled data.","ProyectoWeb/Controllers/ProductoController.cs",,"MINOR","CLOSED","roslyn.sonaranalyzer.security.cs:S5145"
"VULNERABILITY","Change this code to not log user-controlled data.","ProyectoWeb/Controllers/ProductoController.cs",,"MINOR","CLOSED","roslyn.sonaranalyzer.security.cs:S5145"
"VULNERABILITY","Change this code to not log user-controlled data.","ProyectoWeb/Controllers/ProductoController.cs",,"MINOR","CLOSED","roslyn.sonaranalyzer.security.cs:S5145"
"VULNERABILITY","Change this code to not log user-controlled data.","ProyectoWeb/Controllers/ServicioController.cs",,"MINOR","CLOSED","roslyn.sonaranalyzer.security.cs:S5145"
"VULNERABILITY","Change this code to not log user-controlled data.","ProyectoWeb/Controllers/ServicioController.cs",,"MINOR","CLOSED","roslyn.sonaranalyzer.security.cs:S5145"
"VULNERABILITY","Change this code to not log user-controlled data.","ProyectoWeb/Controllers/ServicioController.cs",,"MINOR","CLOSED","roslyn.sonaranalyzer.security.cs:S5145"
"VULNERABILITY","Change this code to not log user-controlled data.","ProyectoWeb/Controllers/SolicitudController.cs",,"MINOR","CLOSED","roslyn.sonaranalyzer.security.cs:S5145"
"VULNERABILITY","Change this code to not log user-controlled data.","ProyectoWeb/Controllers/SolicitudController.cs",,"MINOR","CLOSED","roslyn.sonaranalyzer.security.cs:S5145"
"VULNERABILITY","Change this code to not log user-controlled data.","ProyectoWeb/Controllers/SolicitudController.cs",,"MINOR","CLOSED","roslyn.sonaranalyzer.security.cs:S5145"
"VULNERABILITY","Change this code to not log user-controlled data.","ProyectoWeb/Controllers/SolicitudController.cs",,"MINOR","CLOSED","roslyn.sonaranalyzer.security.cs:S5145"
"VULNERABILITY","Change this code to not log user-controlled data.","ProyectoWeb/Controllers/SolicitudController.cs",,"MINOR","CLOSED","roslyn.sonaranalyzer.security.cs:S5145"
"VULNERABILITY","Change this code to not log user-controlled data.","ProyectoWeb/Controllers/SolicitudController.cs",,"MINOR","CLOSED","roslyn.sonaranalyzer.security.cs:S5145"
"VULNERABILITY","Change this code to not log user-controlled data.","ProyectoWeb/Services/AbonoService.cs",,"MINOR","CLOSED","roslyn.sonaranalyzer.security.cs:S5145"
"VULNERABILITY","Change this code to not log user-controlled data.","ProyectoWeb/Services/AbonoService.cs",,"MINOR","CLOSED","roslyn.sonaranalyzer.security.cs:S5145"
"VULNERABILITY","Change this code to not log user-controlled data.","ProyectoWeb/Services/AbonoService.cs",,"MINOR","CLOSED","roslyn.sonaranalyzer.security.cs:S5145"
"VULNERABILITY","Change this code to not log user-controlled data.","ProyectoWeb/Services/AuthService.cs",,"MINOR","CLOSED","roslyn.sonaranalyzer.security.cs:S5145"
"VULNERABILITY","Change this code to not log user-controlled data.","ProyectoWeb/Services/AuthService.cs",,"MINOR","CLOSED","roslyn.sonaranalyzer.security.cs:S5145"
"VULNERABILITY","Change this code to not log user-controlled data.","ProyectoWeb/Services/AuthService.cs",,"MINOR","CLOSED","roslyn.sonaranalyzer.security.cs:S5145"
"VULNERABILITY","Change this code to not log user-controlled data.","ProyectoWeb/Services/AuthService.cs",,"MINOR","CLOSED","roslyn.sonaranalyzer.security.cs:S5145"
"VULNERABILITY","Change this code to not log user-controlled data.","ProyectoWeb/Services/AuthService.cs",,"MINOR","CLOSED","roslyn.sonaranalyzer.security.cs:S5145"
"VULNERABILITY","Change this code to not log user-controlled data.","ProyectoWeb/Services/FacturaService.cs",,"MINOR","CLOSED","roslyn.sonaranalyzer.security.cs:S5145"
"VULNERABILITY","Change this code to not log user-controlled data.","ProyectoWeb/Services/FacturaService.cs",,"MINOR","CLOSED","roslyn.sonaranalyzer.security.cs:S5145"
"VULNERABILITY","Change this code to not log user-controlled data.","ProyectoWeb/Services/FacturaService.cs",,"MINOR","CLOSED","roslyn.sonaranalyzer.security.cs:S5145"
"VULNERABILITY","Change this code to not log user-controlled data.","ProyectoWeb/Services/FacturaService.cs",,"MINOR","CLOSED","roslyn.sonaranalyzer.security.cs:S5145"
"VULNERABILITY","Change this code to not log user-controlled data.","ProyectoWeb/Services/FacturaService.cs",,"MINOR","CLOSED","roslyn.sonaranalyzer.security.cs:S5145"
"VULNERABILITY","Change this code to not log user-controlled data.","ProyectoWeb/Services/ProductoService.cs",,"MINOR","CLOSED","roslyn.sonaranalyzer.security.cs:S5145"
"VULNERABILITY","Change this code to not log user-controlled data.","ProyectoWeb/Services/ProductoService.cs",,"MINOR","CLOSED","roslyn.sonaranalyzer.security.cs:S5145"
"VULNERABILITY","Change this code to not log user-controlled data.","ProyectoWeb/Services/ProductoService.cs",,"MINOR","CLOSED","roslyn.sonaranalyzer.security.cs:S5145"
"VULNERABILITY","Change this code to not log user-controlled data.","ProyectoWeb/Services/ProductoService.cs",,"MINOR","CLOSED","roslyn.sonaranalyzer.security.cs:S5145"
"VULNERABILITY","Change this code to not log user-controlled data.","ProyectoWeb/Services/ProductoService.cs",,"MINOR","CLOSED","roslyn.sonaranalyzer.security.cs:S5145"
"VULNERABILITY","Change this code to not log user-controlled data.","ProyectoWeb/Services/ProductoService.cs",,"MINOR","CLOSED","roslyn.sonaranalyzer.security.cs:S5145"
"VULNERABILITY","Change this code to not log user-controlled data.","ProyectoWeb/Services/ProductoService.cs",,"MINOR","CLOSED","roslyn.sonaranalyzer.security.cs:S5145"
"VULNERABILITY","Change this code to not log user-controlled data.","ProyectoWeb/Services/ProductoService.cs",,"MINOR","CLOSED","roslyn.sonaranalyzer.security.cs:S5145"
"VULNERABILITY","Change this code to not log user-controlled data.","ProyectoWeb/Services/ProductoService.cs",,"MINOR","CLOSED","roslyn.sonaranalyzer.security.cs:S5145"
"VULNERABILITY","Change this code to not log user-controlled data.","ProyectoWeb/Services/ServicioService.cs",,"MINOR","CLOSED","roslyn.sonaranalyzer.security.cs:S5145"
"VULNERABILITY","Change this code to not log user-controlled data.","ProyectoWeb/Services/ServicioService.cs",,"MINOR","CLOSED","roslyn.sonaranalyzer.security.cs:S5145"
"VULNERABILITY","Change this code to not log user-controlled data.","ProyectoWeb/Services/ServicioService.cs",,"MINOR","CLOSED","roslyn.sonaranalyzer.security.cs:S5145"
"VULNERABILITY","Change this code to not log user-controlled data.","ProyectoWeb/Services/ServicioService.cs",,"MINOR","CLOSED","roslyn.sonaranalyzer.security.cs:S5145"
"VULNERABILITY","Change this code to not log user-controlled data.","ProyectoWeb/Services/ServicioService.cs",,"MINOR","CLOSED","roslyn.sonaranalyzer.security.cs:S5145"
"VULNERABILITY","Change this code to not log user-controlled data.","ProyectoWeb/Services/ServicioService.cs",,"MINOR","CLOSED","roslyn.sonaranalyzer.security.cs:S5145"
"VULNERABILITY","Change this code to not log user-controlled data.","ProyectoWeb/Services/SolicitudService.cs",,"MINOR","CLOSED","roslyn.sonaranalyzer.security.cs:S5145"
"VULNERABILITY","Change this code to not log user-controlled data.","ProyectoWeb/Services/SolicitudService.cs",,"MINOR","CLOSED","roslyn.sonaranalyzer.security.cs:S5145"
"VULNERABILITY","Change this code to not log user-controlled data.","ProyectoWeb/Services/SolicitudService.cs",,"MINOR","CLOSED","roslyn.sonaranalyzer.security.cs:S5145"
"VULNERABILITY","Change this code to not log user-controlled data.","ProyectoWeb/Services/SolicitudService.cs",,"MINOR","CLOSED","roslyn.sonaranalyzer.security.cs:S5145"
"VULNERABILITY","Change this code to not log user-controlled data.","ProyectoWeb/Services/SolicitudService.cs",,"MINOR","CLOSED","roslyn.sonaranalyzer.security.cs:S5145"
"VULNERABILITY","Change this code to not log user-controlled data.","ProyectoWeb/Services/SolicitudService.cs",,"MINOR","CLOSED","roslyn.sonaranalyzer.security.cs:S5145"
"VULNERABILITY","Change this code to not log user-controlled data.","ProyectoWeb/Services/SolicitudService.cs",,"MINOR","CLOSED","roslyn.sonaranalyzer.security.cs:S5145"
"VULNERABILITY","Change this code to not log user-controlled data.","ProyectoWeb/Services/SolicitudService.cs",,"MINOR","CLOSED","roslyn.sonaranalyzer.security.cs:S5145"
"VULNERABILITY","Change this code to not log user-controlled data.","ProyectoWeb/Services/SolicitudService.cs",,"MINOR","CLOSED","roslyn.sonaranalyzer.security.cs:S5145"
"VULNERABILITY","Change this code to not log user-controlled data.","ProyectoWeb/Services/StripePaymentService.cs",,"MINOR","CLOSED","roslyn.sonaranalyzer.security.cs:S5145"
"BUG","Add ""<th>"" headers to this ""<table>"".","ProyectoWeb/reporte_html/index.html","90","MAJOR","OPEN","Web:S5256"
"BUG","Add ""<th>"" headers to this ""<table>"".","ProyectoWeb/reporte_html/index.html","119","MAJOR","OPEN","Web:S5256"
"BUG","Add ""<th>"" headers to this ""<table>"".","ProyectoWeb/reporte_html/index.html","145","MAJOR","OPEN","Web:S5256"
"BUG","Add ""<th>"" headers to this ""<table>"".","ProyectoWeb/reporte_html/index.html","157","MAJOR","OPEN","Web:S5256"
"BUG","Add ""<th>"" headers to this ""<table>"".","ProyectoWeb/reporte_html/index.html","170","MAJOR","OPEN","Web:S5256"
"BUG","Do not check floating point equality with exact values, use a range instead.","ProyectoWeb/Models/Factura.cs",,"MAJOR","CLOSED","csharpsquid:S1244"
"BUG","Add a <title> tag to this page.","ProyectoWeb/Pages/_Host.cshtml",,"MAJOR","CLOSED","Web:PageWithoutTitleCheck"
"BUG","Do not check floating point equality with exact values, use a range instead.","ProyectoWeb/Services/FacturaService.cs",,"MAJOR","CLOSED","csharpsquid:S1244"
"CODE_SMELL","Don't use string interpolation in logging message templates.","ProyectoWeb/Controllers/AuthController.cs",,"MAJOR","CLOSED","csharpsquid:S2629"
"CODE_SMELL","Don't use string interpolation in logging message templates.","ProyectoWeb/Controllers/AuthController.cs",,"MAJOR","CLOSED","csharpsquid:S2629"
"CODE_SMELL","Use <nav> instead of the navigation role to ensure accessibility across all devices.","ProyectoWeb/reporte_html/index.html","48","MAJOR","OPEN","Web:S6819"
"CODE_SMELL","Reduce the number of Information logging calls within this code block from 3 to the 2 allowed.","ProyectoWeb/Pages/LoginPage.cshtml.cs",,"MINOR","CLOSED","csharpsquid:S6664"
"CODE_SMELL","Don't use string interpolation in logging message templates.","ProyectoWeb/Pages/LoginPage.cshtml.cs",,"MAJOR","CLOSED","csharpsquid:S2629"
"CODE_SMELL","Don't use string interpolation in logging message templates.","ProyectoWeb/Pages/LoginPage.cshtml.cs",,"MAJOR","CLOSED","csharpsquid:S2629"
"CODE_SMELL","Make 'ContieneCaracteresInseguros' a static method.","ProyectoWeb/Pages/LoginPage.cshtml.cs",,"MINOR","CLOSED","csharpsquid:S2325"
"CODE_SMELL","Remove this commented out code.","ProyectoWeb/Program.cs",,"MAJOR","CLOSED","csharpsquid:S125"
"CODE_SMELL","Text does not meet the minimal contrast requirement with its background.","ProyectoWeb/wwwroot/css/site.css",,"MAJOR","CLOSED","css:S7924"
"CODE_SMELL","Text does not meet the minimal contrast requirement with its background.","ProyectoWeb/wwwroot/css/site.css",,"MAJOR","CLOSED","css:S7924"
"CODE_SMELL","Reduce the number of Information logging calls within this code block from 3 to the 2 allowed.","ProyectoWeb/Controllers/PagoController.cs",,"MINOR","CLOSED","csharpsquid:S6664"
"CODE_SMELL","Define a constant instead of using this literal 'Error al obtener solicitudes' 4 times.","ProyectoWeb/Controllers/SolicitudController.cs",,"MINOR","CLOSED","csharpsquid:S1192"
"CODE_SMELL","Don't use string interpolation in logging message templates.","ProyectoWeb/Controllers/AbonoController.cs",,"MAJOR","CLOSED","csharpsquid:S2629"
"CODE_SMELL","Don't use string interpolation in logging message templates.","ProyectoWeb/Controllers/AbonoController.cs",,"MAJOR","CLOSED","csharpsquid:S2629"
"CODE_SMELL","Don't use string interpolation in logging message templates.","ProyectoWeb/Controllers/AbonoController.cs",,"MAJOR","CLOSED","csharpsquid:S2629"
"CODE_SMELL","Don't use string interpolation in logging message templates.","ProyectoWeb/Controllers/AuthController.cs",,"MAJOR","CLOSED","csharpsquid:S2629"
"CODE_SMELL","Don't use string interpolation in logging message templates.","ProyectoWeb/Controllers/EmpleadoController.cs",,"MAJOR","CLOSED","csharpsquid:S2629"
"CODE_SMELL","Don't use string interpolation in logging message templates.","ProyectoWeb/Controllers/EmpleadoController.cs",,"MAJOR","CLOSED","csharpsquid:S2629"
"CODE_SMELL","Don't use string interpolation in logging message templates.","ProyectoWeb/Controllers/EmpleadoController.cs",,"MAJOR","CLOSED","csharpsquid:S2629"
"CODE_SMELL","Don't use string interpolation in logging message templates.","ProyectoWeb/Controllers/EmpleadoController.cs",,"MAJOR","CLOSED","csharpsquid:S2629"
"CODE_SMELL","Don't use string interpolation in logging message templates.","ProyectoWeb/Controllers/EmpleadoController.cs",,"MAJOR","CLOSED","csharpsquid:S2629"
"CODE_SMELL","Don't use string interpolation in logging message templates.","ProyectoWeb/Controllers/EmpleadoController.cs",,"MAJOR","CLOSED","csharpsquid:S2629"
"CODE_SMELL","Don't use string interpolation in logging message templates.","ProyectoWeb/Controllers/EmpleadoController.cs",,"MAJOR","CLOSED","csharpsquid:S2629"
"CODE_SMELL","Don't use string interpolation in logging message templates.","ProyectoWeb/Controllers/EmpleadoController.cs",,"MAJOR","CLOSED","csharpsquid:S2629"
"CODE_SMELL","Don't use string interpolation in logging message templates.","ProyectoWeb/Controllers/EmpleadoController.cs",,"MAJOR","CLOSED","csharpsquid:S2629"
"CODE_SMELL","Don't use string interpolation in logging message templates.","ProyectoWeb/Controllers/EmpleadoController.cs",,"MAJOR","CLOSED","csharpsquid:S2629"
"CODE_SMELL","Don't use string interpolation in logging message templates.","ProyectoWeb/Controllers/EmpleadoController.cs",,"MAJOR","CLOSED","csharpsquid:S2629"
"CODE_SMELL","Don't use string interpolation in logging message templates.","ProyectoWeb/Controllers/EmpleadoController.cs",,"MAJOR","CLOSED","csharpsquid:S2629"
"CODE_SMELL","Don't use string interpolation in logging message templates.","ProyectoWeb/Controllers/EmpleadoController.cs",,"MAJOR","CLOSED","csharpsquid:S2629"
"CODE_SMELL","Don't use string interpolation in logging message templates.","ProyectoWeb/Controllers/FacturaController.cs",,"MAJOR","CLOSED","csharpsquid:S2629"
"CODE_SMELL","Don't use string interpolation in logging message templates.","ProyectoWeb/Controllers/FacturaController.cs",,"MAJOR","CLOSED","csharpsquid:S2629"
"CODE_SMELL","Don't use string interpolation in logging message templates.","ProyectoWeb/Controllers/FacturaController.cs",,"MAJOR","CLOSED","csharpsquid:S2629"
"CODE_SMELL","Don't use string interpolation in logging message templates.","ProyectoWeb/Controllers/FacturaController.cs",,"MAJOR","CLOSED","csharpsquid:S2629"
"CODE_SMELL","Don't use string interpolation in logging message templates.","ProyectoWeb/Controllers/FacturaController.cs",,"MAJOR","CLOSED","csharpsquid:S2629"
"CODE_SMELL","Value type property used as input in a controller action should be nullable, required or annotated with the JsonRequiredAttribute to avoid under-posting.","ProyectoWeb/Controllers/FacturaController.cs",,"MAJOR","CLOSED","csharpsquid:S6964"
"CODE_SMELL","Reduce the number of Information logging calls within this code block from 4 to the 2 allowed.","ProyectoWeb/Controllers/PagoController.cs",,"MINOR","CLOSED","csharpsquid:S6664"
"CODE_SMELL","Don't use string interpolation in logging message templates.","ProyectoWeb/Controllers/PagoController.cs",,"MAJOR","CLOSED","csharpsquid:S2629"
"CODE_SMELL","Don't use string interpolation in logging message templates.","ProyectoWeb/Controllers/PagoController.cs",,"MAJOR","CLOSED","csharpsquid:S2629"
"CODE_SMELL","Don't use string interpolation in logging message templates.","ProyectoWeb/Controllers/PagoController.cs",,"MAJOR","CLOSED","csharpsquid:S2629"
"CODE_SMELL","Don't use string interpolation in logging message templates.","ProyectoWeb/Controllers/PagoController.cs",,"MAJOR","CLOSED","csharpsquid:S2629"
"CODE_SMELL","Don't use string interpolation in logging message templates.","ProyectoWeb/Controllers/PagoController.cs",,"MAJOR","CLOSED","csharpsquid:S2629"
"CODE_SMELL","Don't use string interpolation in logging message templates.","ProyectoWeb/Controllers/PagoController.cs",,"MAJOR","CLOSED","csharpsquid:S2629"
"CODE_SMELL","Logging in a catch clause should pass the caught exception as a parameter.","ProyectoWeb/Controllers/PagoController.cs",,"MINOR","CLOSED","csharpsquid:S6667"
"CODE_SMELL","Reduce the number of Error logging calls within this code block from 2 to the 1 allowed.","ProyectoWeb/Controllers/PagoController.cs",,"MINOR","CLOSED","csharpsquid:S6664"
"CODE_SMELL","Don't use string interpolation in logging message templates.","ProyectoWeb/Controllers/PagoController.cs",,"MAJOR","CLOSED","csharpsquid:S2629"
"CODE_SMELL","Don't use string interpolation in logging message templates.","ProyectoWeb/Controllers/PagoController.cs",,"MAJOR","CLOSED","csharpsquid:S2629"
"CODE_SMELL","Don't use string interpolation in logging message templates.","ProyectoWeb/Controllers/PagoController.cs",,"MAJOR","CLOSED","csharpsquid:S2629"
"CODE_SMELL","Logging in a catch clause should pass the caught exception as a parameter.","ProyectoWeb/Controllers/PagoController.cs",,"MINOR","CLOSED","csharpsquid:S6667"
"CODE_SMELL","Don't use string interpolation in logging message templates.","ProyectoWeb/Controllers/PagoController.cs",,"MAJOR","CLOSED","csharpsquid:S2629"
"CODE_SMELL","Use model binding instead of accessing the raw request data","ProyectoWeb/Controllers/PagoController.cs",,"MAJOR","CLOSED","csharpsquid:S6932"
"CODE_SMELL","Don't use string interpolation in logging message templates.","ProyectoWeb/Controllers/PagoController.cs",,"MAJOR","CLOSED","csharpsquid:S2629"
"CODE_SMELL","Don't use string interpolation in logging message templates.","ProyectoWeb/Controllers/PagoController.cs",,"MAJOR","CLOSED","csharpsquid:S2629"
"CODE_SMELL","Don't use string interpolation in logging message templates.","ProyectoWeb/Controllers/PagoController.cs",,"MAJOR","CLOSED","csharpsquid:S2629"
"CODE_SMELL","Logging in a catch clause should pass the caught exception as a parameter.","ProyectoWeb/Controllers/PagoController.cs",,"MINOR","CLOSED","csharpsquid:S6667"
"CODE_SMELL","Don't use string interpolation in logging message templates.","ProyectoWeb/Controllers/PagoController.cs",,"MAJOR","CLOSED","csharpsquid:S2629"
"CODE_SMELL","Don't use string interpolation in logging message templates.","ProyectoWeb/Controllers/PagoController.cs",,"MAJOR","CLOSED","csharpsquid:S2629"
"CODE_SMELL","Don't use string interpolation in logging message templates.","ProyectoWeb/Controllers/PagoController.cs",,"MAJOR","CLOSED","csharpsquid:S2629"
"CODE_SMELL","Logging in a catch clause should pass the caught exception as a parameter.","ProyectoWeb/Controllers/PagoController.cs",,"MINOR","CLOSED","csharpsquid:S6667"
"CODE_SMELL","Don't use string interpolation in logging message templates.","ProyectoWeb/Controllers/PagoController.cs",,"MAJOR","CLOSED","csharpsquid:S2629"
"CODE_SMELL","Don't use string interpolation in logging message templates.","ProyectoWeb/Controllers/ProductoController.cs",,"MAJOR","CLOSED","csharpsquid:S2629"
"CODE_SMELL","Don't use string interpolation in logging message templates.","ProyectoWeb/Controllers/ProductoController.cs",,"MAJOR","CLOSED","csharpsquid:S2629"
"CODE_SMELL","Don't use string interpolation in logging message templates.","ProyectoWeb/Controllers/ProductoController.cs",,"MAJOR","CLOSED","csharpsquid:S2629"
"CODE_SMELL","Don't use string interpolation in logging message templates.","ProyectoWeb/Controllers/ProductoController.cs",,"MAJOR","CLOSED","csharpsquid:S2629"
"CODE_SMELL","Don't use string interpolation in logging message templates.","ProyectoWeb/Controllers/ServicioController.cs",,"MAJOR","CLOSED","csharpsquid:S2629"
"CODE_SMELL","Don't use string interpolation in logging message templates.","ProyectoWeb/Controllers/ServicioController.cs",,"MAJOR","CLOSED","csharpsquid:S2629"
"CODE_SMELL","Don't use string interpolation in logging message templates.","ProyectoWeb/Controllers/ServicioController.cs",,"MAJOR","CLOSED","csharpsquid:S2629"
"CODE_SMELL","Don't use string interpolation in logging message templates.","ProyectoWeb/Controllers/SolicitudController.cs",,"MAJOR","CLOSED","csharpsquid:S2629"
"CODE_SMELL","Don't use string interpolation in logging message templates.","ProyectoWeb/Controllers/SolicitudController.cs",,"MAJOR","CLOSED","csharpsquid:S2629"
"CODE_SMELL","Don't use string interpolation in logging message templates.","ProyectoWeb/Controllers/SolicitudController.cs",,"MAJOR","CLOSED","csharpsquid:S2629"
"CODE_SMELL","Don't use string interpolation in logging message templates.","ProyectoWeb/Controllers/SolicitudController.cs",,"MAJOR","CLOSED","csharpsquid:S2629"
"CODE_SMELL","Don't use string interpolation in logging message templates.","ProyectoWeb/Controllers/SolicitudController.cs",,"MAJOR","CLOSED","csharpsquid:S2629"
"CODE_SMELL","Don't use string interpolation in logging message templates.","ProyectoWeb/Controllers/SolicitudController.cs",,"MAJOR","CLOSED","csharpsquid:S2629"
"CODE_SMELL","Value type property used as input in a controller action should be nullable, required or annotated with the JsonRequiredAttribute to avoid under-posting.","ProyectoWeb/Models/Abono.cs",,"MAJOR","CLOSED","csharpsquid:S6964"
"CODE_SMELL","Value type property used as input in a controller action should be nullable, required or annotated with the JsonRequiredAttribute to avoid under-posting.","ProyectoWeb/Models/Factura.cs",,"MAJOR","CLOSED","csharpsquid:S6964"
"CODE_SMELL","Value type property used as input in a controller action should be nullable, required or annotated with the JsonRequiredAttribute to avoid under-posting.","ProyectoWeb/Models/Factura.cs",,"MAJOR","CLOSED","csharpsquid:S6964"
"CODE_SMELL","Value type property used as input in a controller action should be nullable, required or annotated with the JsonRequiredAttribute to avoid under-posting.","ProyectoWeb/Models/Factura.cs",,"MAJOR","CLOSED","csharpsquid:S6964"
"CODE_SMELL","Value type property used as input in a controller action should be nullable, required or annotated with the JsonRequiredAttribute to avoid under-posting.","ProyectoWeb/Models/Factura.cs",,"MAJOR","CLOSED","csharpsquid:S6964"
"CODE_SMELL","Value type property used as input in a controller action should be nullable, required or annotated with the JsonRequiredAttribute to avoid under-posting.","ProyectoWeb/Models/Factura.cs",,"MAJOR","CLOSED","csharpsquid:S6964"
"CODE_SMELL","Value type property used as input in a controller action should be nullable, required or annotated with the JsonRequiredAttribute to avoid under-posting.","ProyectoWeb/Models/Producto.cs",,"MAJOR","CLOSED","csharpsquid:S6964"
"CODE_SMELL","Value type property used as input in a controller action should be nullable, required or annotated with the JsonRequiredAttribute to avoid under-posting.","ProyectoWeb/Models/Producto.cs",,"MAJOR","CLOSED","csharpsquid:S6964"
"CODE_SMELL","Value type property used as input in a controller action should be nullable, required or annotated with the JsonRequiredAttribute to avoid under-posting.","ProyectoWeb/Models/Servicio.cs",,"MAJOR","CLOSED","csharpsquid:S6964"
"CODE_SMELL","Value type property used as input in a controller action should be nullable, required or annotated with the JsonRequiredAttribute to avoid under-posting.","ProyectoWeb/Models/SolicitudServicio.cs",,"MAJOR","CLOSED","csharpsquid:S6964"
"CODE_SMELL","Value type property used as input in a controller action should be nullable, required or annotated with the JsonRequiredAttribute to avoid under-posting.","ProyectoWeb/Models/Usuario.cs",,"MAJOR","CLOSED","csharpsquid:S6964"
"CODE_SMELL","Await RunAsync instead.","ProyectoWeb/Program.cs",,"MAJOR","CLOSED","csharpsquid:S6966"
"CODE_SMELL","Don't use string interpolation in logging message templates.","ProyectoWeb/Services/AbonoService.cs",,"MAJOR","CLOSED","csharpsquid:S2629"
"CODE_SMELL","'System.Exception' should not be thrown by user code.","ProyectoWeb/Services/AbonoService.cs",,"MAJOR","CLOSED","csharpsquid:S112"
"CODE_SMELL","Don't use string interpolation in logging message templates.","ProyectoWeb/Services/AbonoService.cs",,"MAJOR","CLOSED","csharpsquid:S2629"
"CODE_SMELL","'System.Exception' should not be thrown by user code.","ProyectoWeb/Services/AbonoService.cs",,"MAJOR","CLOSED","csharpsquid:S112"
"CODE_SMELL","'System.Exception' should not be thrown by user code.","ProyectoWeb/Services/AbonoService.cs",,"MAJOR","CLOSED","csharpsquid:S112"
"CODE_SMELL","'System.Exception' should not be thrown by user code.","ProyectoWeb/Services/AbonoService.cs",,"MAJOR","CLOSED","csharpsquid:S112"
"CODE_SMELL","Don't use string interpolation in logging message templates.","ProyectoWeb/Services/AbonoService.cs",,"MAJOR","CLOSED","csharpsquid:S2629"
"CODE_SMELL","'System.Exception' should not be thrown by user code.","ProyectoWeb/Services/AbonoService.cs",,"MAJOR","CLOSED","csharpsquid:S112"
"CODE_SMELL","Don't use string interpolation in logging message templates.","ProyectoWeb/Services/AbonoService.cs",,"MAJOR","CLOSED","csharpsquid:S2629"
"CODE_SMELL","'System.Exception' should not be thrown by user code.","ProyectoWeb/Services/AbonoService.cs",,"MAJOR","CLOSED","csharpsquid:S112"
"CODE_SMELL","Don't use string interpolation in logging message templates.","ProyectoWeb/Services/AuthService.cs",,"MAJOR","CLOSED","csharpsquid:S2629"
"CODE_SMELL","Don't use string interpolation in logging message templates.","ProyectoWeb/Services/AuthService.cs",,"MAJOR","CLOSED","csharpsquid:S2629"
"CODE_SMELL","Don't use string interpolation in logging message templates.","ProyectoWeb/Services/AuthService.cs",,"MAJOR","CLOSED","csharpsquid:S2629"
"CODE_SMELL","'System.Exception' should not be thrown by user code.","ProyectoWeb/Services/AuthService.cs",,"MAJOR","CLOSED","csharpsquid:S112"
"CODE_SMELL","'System.Exception' should not be thrown by user code.","ProyectoWeb/Services/AuthService.cs",,"MAJOR","CLOSED","csharpsquid:S112"
"CODE_SMELL","'System.Exception' should not be thrown by user code.","ProyectoWeb/Services/AuthService.cs",,"MAJOR","CLOSED","csharpsquid:S112"
"CODE_SMELL","Don't use string interpolation in logging message templates.","ProyectoWeb/Services/AuthService.cs",,"MAJOR","CLOSED","csharpsquid:S2629"
"CODE_SMELL","'System.Exception' should not be thrown by user code.","ProyectoWeb/Services/AuthService.cs",,"MAJOR","CLOSED","csharpsquid:S112"
"CODE_SMELL","Don't use string interpolation in logging message templates.","ProyectoWeb/Services/AuthService.cs",,"MAJOR","CLOSED","csharpsquid:S2629"
"CODE_SMELL","'System.Exception' should not be thrown by user code.","ProyectoWeb/Services/AuthService.cs",,"MAJOR","CLOSED","csharpsquid:S112"
"CODE_SMELL","Make 'HashPassword' a static method.","ProyectoWeb/Services/AuthService.cs",,"MINOR","CLOSED","csharpsquid:S2325"
"CODE_SMELL","Remove the field '_configuration' and declare it as a local variable in the relevant methods.","ProyectoWeb/Services/EmailService.cs",,"MINOR","CLOSED","csharpsquid:S1450"
"CODE_SMELL","Don't use string interpolation in logging message templates.","ProyectoWeb/Services/EmailService.cs",,"MAJOR","CLOSED","csharpsquid:S2629"
"CODE_SMELL","Don't use string interpolation in logging message templates.","ProyectoWeb/Services/EmailService.cs",,"MAJOR","CLOSED","csharpsquid:S2629"
"CODE_SMELL","Remove the field '_firebaseService' and declare it as a local variable in the relevant methods.","ProyectoWeb/Services/EmpleadoService.cs",,"MINOR","CLOSED","csharpsquid:S1450"
"CODE_SMELL","'System.Exception' should not be thrown by user code.","ProyectoWeb/Services/EmpleadoService.cs",,"MAJOR","CLOSED","csharpsquid:S112"
"CODE_SMELL","'System.Exception' should not be thrown by user code.","ProyectoWeb/Services/EmpleadoService.cs",,"MAJOR","CLOSED","csharpsquid:S112"
"CODE_SMELL","Make 'HashPassword' a static method.","ProyectoWeb/Services/EmpleadoService.cs",,"MINOR","CLOSED","csharpsquid:S2325"
"CODE_SMELL","'System.Exception' should not be thrown by user code.","ProyectoWeb/Services/FacturaService.cs",,"MAJOR","CLOSED","csharpsquid:S112"
"CODE_SMELL","Don't use string interpolation in logging message templates.","ProyectoWeb/Services/FacturaService.cs",,"MAJOR","CLOSED","csharpsquid:S2629"
"CODE_SMELL","'System.Exception' should not be thrown by user code.","ProyectoWeb/Services/FacturaService.cs",,"MAJOR","CLOSED","csharpsquid:S112"
"CODE_SMELL","Don't use string interpolation in logging message templates.","ProyectoWeb/Services/FacturaService.cs",,"MAJOR","CLOSED","csharpsquid:S2629"
"CODE_SMELL","'System.Exception' should not be thrown by user code.","ProyectoWeb/Services/FacturaService.cs",,"MAJOR","CLOSED","csharpsquid:S112"
"CODE_SMELL","Don't use string interpolation in logging message templates.","ProyectoWeb/Services/FacturaService.cs",,"MAJOR","CLOSED","csharpsquid:S2629"
"CODE_SMELL","'System.Exception' should not be thrown by user code.","ProyectoWeb/Services/FacturaService.cs",,"MAJOR","CLOSED","csharpsquid:S112"
"CODE_SMELL","'System.Exception' should not be thrown by user code.","ProyectoWeb/Services/FacturaService.cs",,"MAJOR","CLOSED","csharpsquid:S112"
"CODE_SMELL","'System.Exception' should not be thrown by user code.","ProyectoWeb/Services/FacturaService.cs",,"MAJOR","CLOSED","csharpsquid:S112"
"CODE_SMELL","Don't use string interpolation in logging message templates.","ProyectoWeb/Services/FacturaService.cs",,"MAJOR","CLOSED","csharpsquid:S2629"
"CODE_SMELL","Don't use string interpolation in logging message templates.","ProyectoWeb/Services/FacturaService.cs",,"MAJOR","CLOSED","csharpsquid:S2629"
"CODE_SMELL","Don't use string interpolation in logging message templates.","ProyectoWeb/Services/FacturaService.cs",,"MAJOR","CLOSED","csharpsquid:S2629"
"CODE_SMELL","'System.Exception' should not be thrown by user code.","ProyectoWeb/Services/FacturaService.cs",,"MAJOR","CLOSED","csharpsquid:S112"
"CODE_SMELL","'System.Exception' should not be thrown by user code.","ProyectoWeb/Services/FacturaService.cs",,"MAJOR","CLOSED","csharpsquid:S112"
"CODE_SMELL","'System.Exception' should not be thrown by user code.","ProyectoWeb/Services/FacturaService.cs",,"MAJOR","CLOSED","csharpsquid:S112"
"CODE_SMELL","Don't use string interpolation in logging message templates.","ProyectoWeb/Services/FacturaService.cs",,"MAJOR","CLOSED","csharpsquid:S2629"
"CODE_SMELL","Either log this exception and handle it, or rethrow it with some contextual information.","ProyectoWeb/Services/FacturaService.cs",,"MAJOR","CLOSED","csharpsquid:S2139"
"CODE_SMELL","Don't use string interpolation in logging message templates.","ProyectoWeb/Services/FacturaService.cs",,"MAJOR","CLOSED","csharpsquid:S2629"
"CODE_SMELL","Either log this exception and handle it, or rethrow it with some contextual information.","ProyectoWeb/Services/GananciaService.cs",,"MAJOR","CLOSED","csharpsquid:S2139"
"CODE_SMELL","Don't use string interpolation in logging message templates.","ProyectoWeb/Services/GananciaService.cs",,"MAJOR","CLOSED","csharpsquid:S2629"
"CODE_SMELL","Complete the task associated to this 'TODO' comment.","ProyectoWeb/Services/GananciaService.cs",,"INFO","CLOSED","csharpsquid:S1135"
"CODE_SMELL","Complete the task associated to this 'TODO' comment.","ProyectoWeb/Services/GananciaService.cs",,"INFO","CLOSED","csharpsquid:S1135"
"CODE_SMELL","Either log this exception and handle it, or rethrow it with some contextual information.","ProyectoWeb/Services/GananciaService.cs",,"MAJOR","CLOSED","csharpsquid:S2139"
"CODE_SMELL","Either log this exception and handle it, or rethrow it with some contextual information.","ProyectoWeb/Services/GananciaService.cs",,"MAJOR","CLOSED","csharpsquid:S2139"
"CODE_SMELL","Provide the ""DateTimeKind"" when creating this object.","ProyectoWeb/Services/GananciaService.cs",,"MAJOR","CLOSED","csharpsquid:S6562"
"CODE_SMELL","'System.Exception' should not be thrown by user code.","ProyectoWeb/Services/ProductoService.cs",,"MAJOR","CLOSED","csharpsquid:S112"
"CODE_SMELL","Don't use string interpolation in logging message templates.","ProyectoWeb/Services/ProductoService.cs",,"MAJOR","CLOSED","csharpsquid:S2629"
"CODE_SMELL","'System.Exception' should not be thrown by user code.","ProyectoWeb/Services/ProductoService.cs",,"MAJOR","CLOSED","csharpsquid:S112"
"CODE_SMELL","Don't use string interpolation in logging message templates.","ProyectoWeb/Services/ProductoService.cs",,"MAJOR","CLOSED","csharpsquid:S2629"
"CODE_SMELL","'System.Exception' should not be thrown by user code.","ProyectoWeb/Services/ProductoService.cs",,"MAJOR","CLOSED","csharpsquid:S112"
"CODE_SMELL","Don't use string interpolation in logging message templates.","ProyectoWeb/Services/ProductoService.cs",,"MAJOR","CLOSED","csharpsquid:S2629"
"CODE_SMELL","Don't use string interpolation in logging message templates.","ProyectoWeb/Services/ProductoService.cs",,"MAJOR","CLOSED","csharpsquid:S2629"
"CODE_SMELL","'System.Exception' should not be thrown by user code.","ProyectoWeb/Services/ProductoService.cs",,"MAJOR","CLOSED","csharpsquid:S112"
"CODE_SMELL","Don't use string interpolation in logging message templates.","ProyectoWeb/Services/ProductoService.cs",,"MAJOR","CLOSED","csharpsquid:S2629"
"CODE_SMELL","Don't use string interpolation in logging message templates.","ProyectoWeb/Services/ProductoService.cs",,"MAJOR","CLOSED","csharpsquid:S2629"
"CODE_SMELL","'System.Exception' should not be thrown by user code.","ProyectoWeb/Services/ProductoService.cs",,"MAJOR","CLOSED","csharpsquid:S112"
"CODE_SMELL","Don't use string interpolation in logging message templates.","ProyectoWeb/Services/ProductoService.cs",,"MAJOR","CLOSED","csharpsquid:S2629"
"CODE_SMELL","Don't use string interpolation in logging message templates.","ProyectoWeb/Services/ProductoService.cs",,"MAJOR","CLOSED","csharpsquid:S2629"
"CODE_SMELL","'System.Exception' should not be thrown by user code.","ProyectoWeb/Services/ProductoService.cs",,"MAJOR","CLOSED","csharpsquid:S112"
"CODE_SMELL","'System.Exception' should not be thrown by user code.","ProyectoWeb/Services/ProductoService.cs",,"MAJOR","CLOSED","csharpsquid:S112"
"CODE_SMELL","'System.Exception' should not be thrown by user code.","ProyectoWeb/Services/ProductoService.cs",,"MAJOR","CLOSED","csharpsquid:S112"
"CODE_SMELL","Either log this exception and handle it, or rethrow it with some contextual information.","ProyectoWeb/Services/ProductoService.cs",,"MAJOR","CLOSED","csharpsquid:S2139"
"CODE_SMELL","Don't use string interpolation in logging message templates.","ProyectoWeb/Services/ProductoService.cs",,"MAJOR","CLOSED","csharpsquid:S2629"
"CODE_SMELL","'System.Exception' should not be thrown by user code.","ProyectoWeb/Services/ServicioService.cs",,"MAJOR","CLOSED","csharpsquid:S112"
"CODE_SMELL","Don't use string interpolation in logging message templates.","ProyectoWeb/Services/ServicioService.cs",,"MAJOR","CLOSED","csharpsquid:S2629"
"CODE_SMELL","'System.Exception' should not be thrown by user code.","ProyectoWeb/Services/ServicioService.cs",,"MAJOR","CLOSED","csharpsquid:S112"
"CODE_SMELL","Don't use string interpolation in logging message templates.","ProyectoWeb/Services/ServicioService.cs",,"MAJOR","CLOSED","csharpsquid:S2629"
"CODE_SMELL","'System.Exception' should not be thrown by user code.","ProyectoWeb/Services/ServicioService.cs",,"MAJOR","CLOSED","csharpsquid:S112"
"CODE_SMELL","Don't use string interpolation in logging message templates.","ProyectoWeb/Services/ServicioService.cs",,"MAJOR","CLOSED","csharpsquid:S2629"
"CODE_SMELL","Don't use string interpolation in logging message templates.","ProyectoWeb/Services/ServicioService.cs",,"MAJOR","CLOSED","csharpsquid:S2629"
"CODE_SMELL","'System.Exception' should not be thrown by user code.","ProyectoWeb/Services/ServicioService.cs",,"MAJOR","CLOSED","csharpsquid:S112"
"CODE_SMELL","Don't use string interpolation in logging message templates.","ProyectoWeb/Services/ServicioService.cs",,"MAJOR","CLOSED","csharpsquid:S2629"
"CODE_SMELL","Don't use string interpolation in logging message templates.","ProyectoWeb/Services/ServicioService.cs",,"MAJOR","CLOSED","csharpsquid:S2629"
"CODE_SMELL","'System.Exception' should not be thrown by user code.","ProyectoWeb/Services/ServicioService.cs",,"MAJOR","CLOSED","csharpsquid:S112"
"CODE_SMELL","'System.Exception' should not be thrown by user code.","ProyectoWeb/Services/SolicitudService.cs",,"MAJOR","CLOSED","csharpsquid:S112"
"CODE_SMELL","Define a constant instead of using this literal 'Estado' 4 times.","ProyectoWeb/Services/SolicitudService.cs",,"MINOR","CLOSED","csharpsquid:S1192"
"CODE_SMELL","'System.Exception' should not be thrown by user code.","ProyectoWeb/Services/SolicitudService.cs",,"MAJOR","CLOSED","csharpsquid:S112"
"CODE_SMELL","Don't use string interpolation in logging message templates.","ProyectoWeb/Services/SolicitudService.cs",,"MAJOR","CLOSED","csharpsquid:S2629"
"CODE_SMELL","'System.Exception' should not be thrown by user code.","ProyectoWeb/Services/SolicitudService.cs",,"MAJOR","CLOSED","csharpsquid:S112"
"CODE_SMELL","Don't use string interpolation in logging message templates.","ProyectoWeb/Services/SolicitudService.cs",,"MAJOR","CLOSED","csharpsquid:S2629"
"CODE_SMELL","'System.Exception' should not be thrown by user code.","ProyectoWeb/Services/SolicitudService.cs",,"MAJOR","CLOSED","csharpsquid:S112"
"CODE_SMELL","Don't use string interpolation in logging message templates.","ProyectoWeb/Services/SolicitudService.cs",,"MAJOR","CLOSED","csharpsquid:S2629"
"CODE_SMELL","'System.Exception' should not be thrown by user code.","ProyectoWeb/Services/SolicitudService.cs",,"MAJOR","CLOSED","csharpsquid:S112"
"CODE_SMELL","Don't use string interpolation in logging message templates.","ProyectoWeb/Services/SolicitudService.cs",,"MAJOR","CLOSED","csharpsquid:S2629"
"CODE_SMELL","'System.Exception' should not be thrown by user code.","ProyectoWeb/Services/SolicitudService.cs",,"MAJOR","CLOSED","csharpsquid:S112"
"CODE_SMELL","'System.Exception' should not be thrown by user code.","ProyectoWeb/Services/SolicitudService.cs",,"MAJOR","CLOSED","csharpsquid:S112"
"CODE_SMELL","'System.Exception' should not be thrown by user code.","ProyectoWeb/Services/SolicitudService.cs",,"MAJOR","CLOSED","csharpsquid:S112"
"CODE_SMELL","Don't use string interpolation in logging message templates.","ProyectoWeb/Services/SolicitudService.cs",,"MAJOR","CLOSED","csharpsquid:S2629"
"CODE_SMELL","Don't use string interpolation in logging message templates.","ProyectoWeb/Services/SolicitudService.cs",,"MAJOR","CLOSED","csharpsquid:S2629"
"CODE_SMELL","'System.Exception' should not be thrown by user code.","ProyectoWeb/Services/SolicitudService.cs",,"MAJOR","CLOSED","csharpsquid:S112"
"CODE_SMELL","Don't use string interpolation in logging message templates.","ProyectoWeb/Services/SolicitudService.cs",,"MAJOR","CLOSED","csharpsquid:S2629"
"CODE_SMELL","Don't use string interpolation in logging message templates.","ProyectoWeb/Services/SolicitudService.cs",,"MAJOR","CLOSED","csharpsquid:S2629"
"CODE_SMELL","'System.Exception' should not be thrown by user code.","ProyectoWeb/Services/SolicitudService.cs",,"MAJOR","CLOSED","csharpsquid:S112"
"CODE_SMELL","Don't use string interpolation in logging message templates.","ProyectoWeb/Services/SolicitudService.cs",,"MAJOR","CLOSED","csharpsquid:S2629"
"CODE_SMELL","Don't use string interpolation in logging message templates.","ProyectoWeb/Services/SolicitudService.cs",,"MAJOR","CLOSED","csharpsquid:S2629"
"CODE_SMELL","'System.Exception' should not be thrown by user code.","ProyectoWeb/Services/SolicitudService.cs",,"MAJOR","CLOSED","csharpsquid:S112"
"CODE_SMELL","Remove this unread private field '_configuration' or refactor the code to use its value.","ProyectoWeb/Services/StripePaymentService.cs",,"CRITICAL","CLOSED","csharpsquid:S4487"
"CODE_SMELL","Remove the field '_stripeSecretKey' and declare it as a local variable in the relevant methods.","ProyectoWeb/Services/StripePaymentService.cs",,"MINOR","CLOSED","csharpsquid:S1450"
"CODE_SMELL","Don't use string interpolation in logging message templates.","ProyectoWeb/Services/StripePaymentService.cs",,"MAJOR","CLOSED","csharpsquid:S2629"
"CODE_SMELL","Logging in a catch clause should pass the caught exception as a parameter.","ProyectoWeb/Services/StripePaymentService.cs",,"MINOR","CLOSED","csharpsquid:S6667"
"CODE_SMELL","Don't use string interpolation in logging message templates.","ProyectoWeb/Services/StripePaymentService.cs",,"MAJOR","CLOSED","csharpsquid:S2629"
"CODE_SMELL","'System.Exception' should not be thrown by user code.","ProyectoWeb/Services/StripePaymentService.cs",,"MAJOR","CLOSED","csharpsquid:S112"
"CODE_SMELL","Don't use string interpolation in logging message templates.","ProyectoWeb/Services/StripePaymentService.cs",,"MAJOR","CLOSED","csharpsquid:S2629"
"CODE_SMELL","Logging in a catch clause should pass the caught exception as a parameter.","ProyectoWeb/Services/StripePaymentService.cs",,"MINOR","CLOSED","csharpsquid:S6667"
"CODE_SMELL","Don't use string interpolation in logging message templates.","ProyectoWeb/Services/StripePaymentService.cs",,"MAJOR","CLOSED","csharpsquid:S2629"
"CODE_SMELL","'System.Exception' should not be thrown by user code.","ProyectoWeb/Services/StripePaymentService.cs",,"MAJOR","CLOSED","csharpsquid:S112"
"CODE_SMELL","Logging in a catch clause should pass the caught exception as a parameter.","ProyectoWeb/Services/StripePaymentService.cs",,"MINOR","CLOSED","csharpsquid:S6667"
"CODE_SMELL","Don't use string interpolation in logging message templates.","ProyectoWeb/Services/StripePaymentService.cs",,"MAJOR","CLOSED","csharpsquid:S2629"
"CODE_SMELL","Logging in a catch clause should pass the caught exception as a parameter.","ProyectoWeb/Services/StripePaymentService.cs",,"MINOR","CLOSED","csharpsquid:S6667"
"CODE_SMELL","Don't use string interpolation in logging message templates.","ProyectoWeb/Services/StripePaymentService.cs",,"MAJOR","CLOSED","csharpsquid:S2629"
"CODE_SMELL","Text does not meet the minimal contrast requirement with its background.","ProyectoWeb/wwwroot/css/site.css",,"MAJOR","CLOSED","css:S7924"
"CODE_SMELL","Text does not meet the minimal contrast requirement with its background.","ProyectoWeb/wwwroot/css/site.css",,"MAJOR","CLOSED","css:S7924"
"CODE_SMELL","Unexpected duplicate selector "".card"", first used at line 105","ProyectoWeb/wwwroot/css/site.css",,"MAJOR","CLOSED","css:S4666"
"CODE_SMELL","Prefer `globalThis` over `window`.","ProyectoWeb/wwwroot/js/charts.js",,"MINOR","CLOSED","javascript:S7764"
